[
    {
        "id": 1,
        "Asignatura": "Bases de Datos",
        "Nivel": "Universidad",
        "Estado": "activo",
        "descripcion": "POO",
        "estado": "inactivo"
    },
    {
        "id": 2,
        "Asignatura": "Sistemas Operativos",
        "Nivel": "uni",
        "Estado": "activo"
    },
    {
        "id": 3,
        "Asignatura": "Arquitectura",
        "Nivel": "uni",
        "Estado": "activo"
    },
    {
        "id": 4,
        "Asignatura": "ingles",
        "Nivel": "uni",
        "Estado": "activo"
    }
]