[
    {
        "id": 1,
        "periodo": "2024-1",
        "estudiante": "Juan Pérez",
        "detalleMatricula": [
            {
                "id": 101,
                "asignatura": "Matemáticas",
                "curso": "Álgebra",
                "profesor": "Dr. Gómez"
            }
        ],
        "fecha_creacion": "2024-09-11",
        "active": true
    },
    {
        "id": 2,
        "periodo": "2024-2",
        "estudiante": "Ana Martínez",
        "detalleMatricula": [
            {
                "id": 103,
                "asignatura": "Biología",
                "curso": "Botánica",
                "profesor": "Dr. López"
            }
        ],
        "fecha_creacion": "2024-09-11",
        "active": true
    }
]
